,GEONAME,Pop_Tot,Prop_18y,Prop_64y,Prop_65y+,Prop_Blk,Prop_Lat,Prop_Whi,Prop_Asi,Prop_Ami,Prop_NHO,Prop_FPL1,Prop_FPL2,Prop_forb,Prop_Eng,Prop_edLH,Prop_edHG,Prop_edSC,Prop_edCG,MHI,Prop_groc,Prop_60mi,No_farm,Prop_obse,Prop_DM,Rte_CVD,Prop_ownr,Prop_rentr,No_hless,Rte_crim,Rte_alco,Propt_envi,Prop_depr,Propt_HPI,Prop_fru,Prop_bev,Prop_hyp,Prop_marj
0,ALHAMBRA,86705,0.1831,0.6504,0.1665,0.0133,0.3435,0.0913,0.5498,0.0014,0.0007,0.1303,0.3356,0.5021,0.2112,0.1934,0.228,0.2497,0.3289,53582,0.5239,0.111,1,0.1358,0.1040,170.91400000000002,0.40399999999999997,0.596,64,168,12,6,0.0523,43.3,0.2,0.2,0.2,0.1
1,ALTADENA,42525,0.2072,0.6221,0.1707,0.2374,0.2905,0.4129,0.0553,0.0019,0.002,0.0988,0.2281,0.2021,0.0379,0.105,0.1397,0.2918,0.4635,86050,0.4524,0.12,1,0.2441,0.1358,211.035,0.7190000000000001,0.281,58,162,6,62,0.1099,75.5,0.1,0.3,0.3,0.2
2,ARCADIA,56992,0.1794,0.6389,0.1817,0.0115,0.125,0.2304,0.6315,0.0014,0.0003,0.0774,0.2042,0.4877,0.1888,0.0789,0.1601,0.243,0.518,79934,0.511,0.131,0,0.0570,0.0819,173.37099999999998,0.596,0.40399999999999997,12,146,19,27,0.0493,73.4,0.1,0.2,0.2,0.0
3,AZUSA,49479,0.2507,0.6538,0.0956,0.0292,0.6838,0.1938,0.0895,0.0024,0.0013,0.1636,0.3935,0.3082,0.1156,0.2232,0.2932,0.2873,0.1962,53135,0.5997,0.121,0,0.2607,0.1198,218.75400000000002,0.527,0.473,55,354,14,48,0.0895,34.2,0.1,0.4,0.2,0.1
4,BALDWIN PARK,74438,0.2623,0.633,0.1047,0.0099,0.7934,0.0432,0.1514,0.0012,0.0008,0.1591,0.4116,0.4453,0.1908,0.374,0.317,0.1962,0.1128,51742,0.5444,0.125,1,0.2652,0.1307,195.52200000000002,0.5720000000000001,0.428,111,391,10,9,0.0544,22.3,0.1,0.4,0.3,0.1
5,BELL,36595,0.2893,0.6249,0.0857,0.0061,0.9286,0.0569,0.0063,0.002,0.0,0.2588,0.6647,0.4271,0.2669,0.526,0.2014,0.1999,0.0726,37269,0.84,0.109,0,0.2578,0.1154,185.426,0.276,0.7240000000000001,477,637,13,45,0.0755,10.4,0.1,0.4,0.2,0.1
6,BELL GARDENS,42817,0.3026,0.6274,0.07,0.005,0.9584,0.027999999999999997,0.0055,0.0022,0.0008,0.2693,0.6934,0.4291,0.2324,0.5573,0.2447,0.1444,0.0536,37882,0.6476,0.08800000000000001,0,0.2860,0.1225,213.81900000000002,0.22899999999999998,0.7709999999999999,104,362,14,53,0.0983,4.1,0.1,0.4,0.2,0.1
7,BELLFLOWER,76057,0.2529,0.6383,0.1088,0.1507,0.5185,0.1939,0.1258,0.0031,0.008,0.161,0.41100000000000003,0.2921,0.1100,0.2239,0.2887,0.3211,0.1663,48823,0.6473,0.11800000000000001,1,0.2469,0.1252,245.325,0.392,0.608,241,515,12,58,0.0631,27.9,0.2,0.5,0.4,0.1
8,BEVERLY HILLS,34652,0.1574,0.6406,0.2021,0.0209,0.0591,0.8212,0.0976,0.0009,0.0003,0.0801,0.1604,0.3841,0.1077,0.0505,0.128,0.2106,0.6109,97327,0.7074,0.049,1,**,**,138.562,0.41200000000000003,0.588,16,306,46,43,0.1924,88.1,0.2,0.1,0.4,0.2
9,BURBANK,104692,0.182,0.6683,0.1497,0.0249,0.2551,0.5918,0.1256,0.0018,0.0007,0.092,0.1665,0.3399,0.0977,0.1133,0.1816,0.3219,0.3831,66076,0.6632,0.091,1,0.1746,0.0714,201.68400000000003,0.40700000000000003,0.593,167,201,22,5,0.099,62.2,0.2,0.3,0.2,0.2
10,CALABASAS,24182,0.2031,0.6378,0.1591,0.0152,0.0662,0.8261,0.0911,0.0013,0.0002,0.0562,0.1255,0.2618,0.0360,0.0302,0.1202,0.2129,0.6367,106050,0.2029,0.20600000000000002,1,0.1094,**,127.516,0.7020000000000001,0.298,0,62,19,85,0.1412,91.6,0.1,0.2,0.2,0.1
11,CARSON,93739,0.2123,0.6251,0.1626,0.2261,0.3963,0.0726,0.2757,0.0016,0.0276,0.0933,0.2366,0.3489,0.0895,0.2043,0.2207,0.3311,0.2439,72421,0.5553,0.095,1,0.4100,0.1274,240.486,0.758,0.242,369,539,10,88,0.057,58.0,0.1,0.4,0.3,0.1
12,CERRITOS,49250,0.1645,0.6091,0.2264,0.0696,0.1253,0.1562,0.6453,0.0011,0.0025,0.0398,0.0891,0.4471,0.1142,0.0831,0.1464,0.2886,0.4819,90321,0.6596,0.128,1,0.2342,0.0948,166.02,0.7909999999999999,0.209,27,225,16,83,0.040999999999999995,79.7,0.1,0.3,0.2,0.0
13,CLAREMONT,36121,0.1511,0.6661,0.1828,0.0445,0.2041,0.6072,0.1409,0.0021,0.001,0.0631,0.1195,0.1956,0.0462,0.0679,0.1059,0.264,0.5622,88523,0.4345,0.139,1,0.2753,0.0920,204.4231,0.659,0.341,27,163,18,1,0.1043,78.3,0.2,0.1,0.3,0.2
14,COMPTON,100952,0.3002,0.6156,0.0842,0.3118,0.6684,0.008,0.0022,0.002,0.0076,0.2525,0.5794,0.304,0.1131,0.3992,0.2588,0.2691,0.0729,43507,0.6898,0.113,0,0.3991,0.1167,279.073,0.537,0.46299999999999997,500,1118,8,61,0.0594,9.0,0.1,0.6,0.3,0.1
15,COVINA,49132,0.22,0.643,0.1369,0.0393,0.5338,0.2989,0.1235,0.0027,0.0018,0.1058,0.3078,0.2257,0.0563,0.1402,0.2309,0.3702,0.2587,64813,0.7041,0.172,0,0.2623,0.1187,220.575,0.563,0.43700000000000006,53,334,19,30,0.0716,51.7,0.2,0.4,0.3,0.1
16,CUDAHY,24526,0.3009,0.6292,0.0699,0.0096,0.9585,0.0245,0.0049,0.0022,0.0003,0.2996,0.7451,0.4631,0.3028,0.5712,0.2217,0.1607,0.0464,36429,0.8685,0.12,0,0.3199,0.1014,178.25,0.162,0.838,119,310,9,64,0.1121,11.1,0.2,0.6,0.2,0.1
17,CULVER CITY,40351,0.1871,0.6403,0.1726,0.0967,0.2358,0.5031,0.1605,0.0017,0.0022,0.0751,0.1395,0.23,0.0498,0.078,0.1146,0.2733,0.5341,81189,0.7078,0.054000000000000006,0,0.2200,0.0735,199.1613,0.551,0.449,122,528,38,44,0.1076,81.1,0.2,0.2,0.4,0.2
18,DIAMOND BAR,57128,0.1682,0.6676,0.1641,0.0394,0.2023,0.2051,0.5504,0.0012,0.0016,0.0527,0.1565,0.4244,0.1325,0.0786,0.1444,0.2678,0.5092,89221,0.315,0.18100000000000002,0,0.2552,0.0875,157.55100000000002,0.779,0.221,6,116,12,28,0.0463,74.8,0.1,0.3,0.2,0.0
19,DOWNEY,113812,0.2404,0.6391,0.1205,0.0373,0.7163,0.1725,0.0705,0.0019,0.0015,0.1093,0.3624,0.3444,0.1078,0.2388,0.2496,0.2979,0.2137,62897,0.6441,0.098,2,0.2790,0.0997,199.459,0.508,0.49200000000000005,209,328,14,45,0.0546,48.9,0.2,0.4,0.2,0.1
20,EAST LOS ANGELES,125802,0.2859,0.614,0.1001,0.0029,0.9691,0.0185,0.008,0.0014,0.0001,0.2642,0.6581,0.4201,0.2539,0.5332,0.226,0.1793,0.0615,38766,0.5296,0.092,1,0.2778,0.0934,196.955,0.336,0.664,288,480,12,3,0.0764,6.2,0.1,0.6,0.2,0.1
21,EL MONTE,113636,0.2595,0.6259,0.1146,0.0046,0.6863,0.0459,0.2612,0.0012,0.0008,0.2233,0.5251,0.5027,0.3411,0.42200000000000004,0.2728,0.1883,0.1169,38085,0.6775,0.125,0,0.2377,0.1236,175.21599999999998,0.40299999999999997,0.597,269,394,10,17,0.0473,11.8,0.1,0.5,0.2,0.1
22,FLORENCE-GRAHAM,65822,0.3145,0.6147,0.0708,0.0893,0.9012,0.0074,0.0011,0.0007,0.0002,0.31,0.8009,0.4329,0.2654,0.5855,0.2333,0.1368,0.0444,33934,0.9701,0.133,0,0.3126,0.1116,234.99099999999999,0.342,0.6579999999999999,543,801,13,37,0.0653,2.7,0.1,0.5,0.2,0.1
23,GARDENA,60677,0.215,0.6208,0.1642,0.2395,0.3927,0.0911,0.2682,0.0016,0.0068,0.1401,0.2806,0.3372,0.1451,0.1818,0.2703,0.3161,0.2318,47674,0.7461,0.076,1,0.2770,0.0991,208.03400000000002,0.512,0.488,186,557,26,76,0.0584,41.9,0.1,0.5,0.3,0.1
24,GLENDALE,201604,0.16899999999999998,0.6548,0.1762,0.012,0.1755,0.6382,0.1727,0.001,0.0005,0.1318,0.2943,0.5444,0.2522,0.1564,0.1908,0.2738,0.379,52574,0.7505,0.098,1,0.1516,0.0716,181.47099999999998,0.353,0.647,240,113,17,1,0.098,46.1,0.1,0.3,0.2,0.2
25,GLENDORA,52231,0.1942,0.643,0.1628,0.0164,0.3181,0.5811,0.0817,0.0019,0.0008,0.0784,0.1503,0.1653,0.0410,0.0985,0.1888,0.3878,0.325,75148,0.4304,0.179,0,0.3262,0.1045,228.829,0.6890000000000001,0.311,270,134,13,57,0.106,68.5,0.1,0.2,0.3,0.1
26,HACIENDA HEIGHTS,55018,0.1853,0.6291,0.1856,0.0121,0.4616,0.1375,0.3863,0.0011,0.0014,0.0688,0.2101,0.4174,0.1764,0.142,0.2175,0.2816,0.3589,78039,0.2674,0.17,0,0.2631,0.1174,156.03,0.769,0.231,220,169,9,31,0.0492,60.1,0.1,0.3,0.3,0.0
27,HAWTHORNE,87772,0.2627,0.6418,0.0954,0.2813,0.5288,0.1069,0.0687,0.0021,0.0123,0.1863,0.4591,0.3477,0.1339,0.2619,0.2454,0.3023,0.1904,44504,0.8672,0.109,0,0.2351,0.1182,244.015,0.266,0.7340000000000001,100,745,11,69,0.0793,29.3,0.2,0.4,0.3,0.2
28,HUNTINGTON PARK,59509,0.2832,0.6317,0.0852,0.004,0.9713,0.0182,0.0058,0.0005,0.0002,0.2732,0.7259,0.4896,0.3153,0.5865,0.1939,0.162,0.0576,34887,0.8284,0.122,1,0.2987,0.0924,198.15200000000002,0.24,0.76,83,778,16,52,0.0855,4.8,0.1,0.6,0.2,0.1
29,INGLEWOOD,116361,0.2464,0.639,0.1146,0.4279,0.5273,0.0272,0.0123,0.0019,0.0034,0.2066,0.3893,0.2782,0.1121,0.2747,0.2058,0.3375,0.182,42044,0.6384,0.114,1,0.3211,0.1239,260.547,0.35100000000000003,0.649,502,713,13,74,0.0746,27.2,0.2,0.5,0.3,0.2
30,LA MIRADA,49465,0.1869,0.6485,0.1646,0.021,0.4062,0.3773,0.1902,0.0027,0.0025,0.0555,0.1708,0.2458,0.0893,0.1125,0.2335,0.3562,0.2978,79330,0.4794,0.087,0,0.4034,0.0922,192.967,0.774,0.226,33,172,11,79,0.0764,65.0,0.1,0.2,0.3,0.1
31,LA PUENTE,40377,0.2548,0.6347,0.1105,0.0117,0.8491,0.0473,0.08900000000000001,0.0021,0.0008,0.1289,0.3765,0.4093,0.1638,0.3954,0.2954,0.2171,0.0921,56512,0.48100000000000004,0.124,0,0.3235,0.1197,174.94,0.574,0.426,49,324,14,11,0.0592,28.6,0.1,0.4,0.2,0.1
32,LA VERNE,33139,0.1747,0.6301,0.1952,0.0311,0.3266,0.5582,0.0791,0.0032,0.0019,0.0712,0.1383,0.1608,0.0472,0.08900000000000001,0.1657,0.3786,0.3667,74631,0.3634,0.14,1,0.4459,0.0713,204.16299999999998,0.7240000000000001,0.276,6,124,18,7,0.1003,67.8,0.2,0.4,0.4,0.1
33,LAKEWOOD,78191,0.2161,0.6454,0.1385,0.0925,0.3115,0.4036,0.1802,0.0029,0.0093,0.0743,0.1572,0.213,0.0467,0.1213,0.226,0.3751,0.2776,79193,0.7096,0.09699999999999999,1,0.3030,0.0985,227.493,0.7020000000000001,0.298,49,285,15,89,0.0625,65.7,0.1,0.4,0.3,0.1
34,LANCASTER,156606,0.2697,0.6326,0.0977,0.2191,0.3872,0.3437,0.0439,0.0042,0.0019,0.213,0.3965,0.1328,0.0549,0.18600000000000003,0.294,0.3694,0.1506,47225,0.3111,0.2,1,0.2909,0.1321,294.17,0.562,0.43799999999999994,1055,704,11,87,0.1271,19.5,0.2,0.3,0.3,0.2
35,LAWNDALE,33381,0.2474,0.6579,0.0946,0.105,0.6036,0.1716,0.1053,0.0028,0.0117,0.165,0.3355,0.3763,0.1510,0.2996,0.2482,0.2957,0.1565,47540,0.945,0.078,1,0.2480,0.0980,198.231,0.325,0.675,43,581,14,78,0.0691,31.4,0.2,0.3,0.2,0.2
36,LONG BEACH,483509,0.2345,0.6538,0.1118,0.1385,0.423,0.2873,0.1368,0.0029,0.0115,0.1959,0.4047,0.2597,0.0812,0.2063,0.1868,0.3149,0.292,52783,0.7327,0.122,8,0.2422,0.1167,253.293,0.402,0.598,1863,589,18,66,0.0884,32.8,0.1,0.4,0.3,0.1
37,LOS ANGELES COUNCIL DISTRICT  1,274628,0.2332,0.654,0.1128,0.0276,0.706,0.0829,0.18100000000000002,0.0017,0.0008,0.2981,0.6119,0.5229,0.3497,0.4296,0.2035,0.1746,0.1923,34896,0.8857,0.139,2,0.2164,0.1278,178.43200000000002,0.182,0.818,1986,667,12,6,0.0746,9.7,0.1,0.5,0.2,0.1
38,LOS ANGELES COUNCIL DISTRICT  2,265068,0.2124,0.6708,0.1168,0.0406,0.46799999999999997,0.4194,0.0696,0.0015,0.001,0.1749,0.384,0.3859,0.1360,0.2008,0.2004,0.2619,0.337,52281,0.6919,0.134,2,0.2078,0.0948,217.322,0.33799999999999997,0.662,1084,389,14,13,0.1037,39.8,0.2,0.4,0.2,0.2
39,LOS ANGELES COUNCIL DISTRICT  3,267182,0.2195,0.6425,0.138,0.043,0.3957,0.4297,0.1289,0.0016,0.001,0.1436,0.3469,0.41,0.1482,0.1888,0.2218,0.2676,0.3218,66266,0.6133,0.145,3,0.2031,0.0802,206.83,0.488,0.512,890,413,14,40,0.091,48.2,0.1,0.4,0.2,0.1
40,LOS ANGELES COUNCIL DISTRICT  4,260788,0.1597,0.7003,0.14,0.0456,0.1613,0.631,0.1602,0.0013,0.0007,0.1024,0.2241,0.3071,0.0927,0.057999999999999996,0.1202,0.2333,0.5886,77274,0.6961,0.095,5,0.1515,0.0649,173.752,0.34,0.66,628,321,19,19,0.1239,72.0,0.2,0.2,0.2,0.2
41,LOS ANGELES COUNCIL DISTRICT  5,264057,0.1667,0.6809,0.1524,0.0369,0.1112,0.6914,0.1584,0.0012,0.0009,0.1298,0.2292,0.2961,0.0749,0.0486,0.1044,0.2169,0.6302,84058,0.7515,0.061,6,0.1022,0.0498,166.882,0.39,0.61,913,253,22,25,0.1303,76.2,0.2,0.1,0.1,0.2
42,LOS ANGELES COUNCIL DISTRICT  6,283654,0.2615,0.6456,0.0929,0.0328,0.7193,0.1511,0.0942,0.0017,0.0008,0.2278,0.5432,0.4727,0.2123,0.3572,0.2435,0.2315,0.1678,45481,0.7308,0.157,2,0.2296,0.1056,205.702,0.375,0.625,1856,473,10,21,0.0624,20.9,0.1,0.5,0.2,0.1
43,LOS ANGELES COUNCIL DISTRICT  7,278658,0.2538,0.6354,0.1108,0.0355,0.7098,0.1921,0.0599,0.002,0.0007,0.1747,0.4355,0.3971,0.1369,0.3172,0.2586,0.2544,0.1697,57352,0.4932,0.125,1,0.2861,0.0981,222.063,0.602,0.39799999999999996,1206,361,8,27,0.0687,30.7,0.1,0.5,0.2,0.1
44,LOS ANGELES COUNCIL DISTRICT  8,252296,0.265,0.632,0.10300000000000001,0.3996,0.5666,0.0177,0.0137,0.0016,0.0007,0.289,0.5469,0.3198,0.1296,0.3587,0.2585,0.2705,0.1123,32922,0.5774,0.13699999999999998,1,0.3187,0.1543,303.839,0.373,0.627,1497,1498,6,32,0.0604,2.0,0.1,0.5,0.3,0.1
45,LOS ANGELES COUNCIL DISTRICT  9,285373,0.2983,0.6397,0.062,0.1512,0.7918,0.0319,0.024,0.0009,0.0002,0.3869,0.7041,0.4335,0.2420,0.5521,0.2351,0.1532,0.0596,28614,0.8409,0.133,2,0.3259,0.1304,232.609,0.267,0.733,3458,1120,9,8,0.08,0.0,0.1,0.5,0.2,0.1
46,LOS ANGELES COUNCIL DISTRICT 10,275480,0.2209,0.6597,0.1194,0.2543,0.4912,0.0877,0.1643,0.0017,0.0008,0.2257,0.4773,0.4216,0.2146,0.2609,0.2195,0.2513,0.2683,40218,0.8028,0.121,4,0.2276,0.1345,227.325,0.239,0.7609999999999999,1112,759,18,13,0.0652,21.6,0.1,0.4,0.2,0.2
47,LOS ANGELES COUNCIL DISTRICT 11,266594,0.1712,0.6761,0.1527,0.0531,0.1905,0.6229,0.1302,0.0015,0.0019,0.094,0.1818,0.244,0.0542,0.0705,0.0928,0.2201,0.6166,93379,0.6777,0.066,10,0.1039,0.0523,153.05,0.429,0.5710000000000001,2529,330,22,41,0.1634,84.6,0.2,0.2,0.2,0.2
48,LOS ANGELES COUNCIL DISTRICT 12,271125,0.1845,0.6481,0.1673,0.0412,0.2835,0.4787,0.1938,0.0016,0.0012,0.0908,0.22899999999999998,0.3189,0.0754,0.0966,0.2028,0.2974,0.4031,80913,0.4766,0.149,2,0.2157,0.0696,201.035,0.685,0.315,906,284,12,36,0.0797,69.2,0.1,0.3,0.2,0.1
49,LOS ANGELES COUNCIL DISTRICT 13,258882,0.1859,0.6971,0.11699999999999999,0.0322,0.5424,0.2376,0.1852,0.0017,0.0008,0.2297,0.4886,0.4957,0.2660,0.2635,0.1863,0.2354,0.3148,39448,0.852,0.145,6,0.1869,0.1134,204.46200000000002,0.14,0.86,3036,718,22,3,0.0943,23.0,0.2,0.4,0.2,0.1
50,LOS ANGELES COUNCIL DISTRICT 14,259741,0.2148,0.6644,0.1208,0.0584,0.6819,0.1286,0.1279,0.0025,0.0007,0.2189,0.4399,0.3779,0.1844,0.3396,0.1964,0.2224,0.2416,45157,0.6432,0.121,9,0.2841,0.1275,206.106,0.326,0.674,5590,1051,25,24,0.0972,23.7,0.1,0.4,0.2,0.2
51,LOS ANGELES COUNCIL DISTRICT 15,269467,0.2741,0.6188,0.1071,0.1272,0.6377,0.1634,0.0648,0.0022,0.0048,0.2472,0.4887,0.3177,0.1367,0.3079,0.2505,0.2733,0.1683,46423,0.517,0.10099999999999999,3,0.2736,0.1266,215.8852,0.39899999999999997,0.601,1773,697,12,66,0.0804,20.2,0.1,0.5,0.2,0.1
52,"LOS ANGELES, CITY OF",4032993,0.2221,0.6574,0.1205,0.0912,0.5004,0.2888,0.1168,0.0017,0.0011,0.2031,0.4241,0.382,0.1575,0.2453,0.1963,0.2387,0.3197,50205,0.6835,0.121,58,0.2193,0.1006,205.09900000000002,0.368,0.632,28464,620,15,21,0.0925,28.6,0.2,0.4,0.2,0.1
53,LYNWOOD,72189,0.2946,0.6337,0.0718,0.0996,0.8695,0.0217,0.0056,0.0011,0.0026,0.2306,0.5889,0.3896,0.1797,0.4723,0.2633,0.2043,0.0601,43109,0.5670000000000001,0.12,0,0.3225,0.1195,225.387,0.435,0.565,118,650,10,71,0.062,13.9,0.1,0.4,0.2,0.1
54,MANHATTAN BEACH,35170,0.2216,0.6243,0.1541,0.0086,0.0746,0.8182,0.096,0.0014,0.0013,0.0304,0.0652,0.1152,**,0.0216,0.0637,0.1792,0.7355,143527,0.6644,0.106,1,0.0857,0.0405,133.239,0.6809999999999999,0.319,4,151,33,92,0.1697,98.6,0.2,0.2,0.3,0.1
55,MAYWOOD,28130,0.298,0.622,0.08,0.0018,0.9734,0.021,0.0024,0.0009,0.0005,0.2805,0.7223,0.4524,0.3100,0.5884,0.2159,0.1484,0.0473,35582,0.9159999999999999,0.092,0,0.2925,0.0929,173.533,0.256,0.7440000000000001,125,434,16,65,0.07200000000000001,13.2,0.1,0.6,0.2,0.1
56,MONROVIA,37467,0.2219,0.6383,0.1398,0.0657,0.3988,0.4106,0.1203,0.0023,0.0023,0.0986,0.2435,0.2526,0.0737,0.11199999999999999,0.1973,0.3252,0.3656,70358,0.6666,0.14400000000000002,1,0.1778,0.1051,215.725,0.48700000000000004,0.513,61,160,22,51,0.0966,67.1,0.2,0.3,0.2,0.1
57,MONTEBELLO,63732,0.2361,0.6114,0.1525,0.0066,0.7986,0.0844,0.1081,0.0016,0.0008,0.1408,0.413,0.3748,0.2185,0.28300000000000003,0.2912,0.2386,0.1872,45875,0.4436,0.182,0,0.2713,0.1048,198.065,0.45399999999999996,0.546,52,336,14,52,0.0506,25.8,0.2,0.6,0.2,0.1
58,MONTEREY PARK,61121,0.1724,0.6155,0.2121,0.0033,0.2743,0.0458,0.6754,0.001,0.0003,0.1414,0.4133,0.536,0.2847,0.2127,0.2443,0.2385,0.3044,54097,0.5435,0.086,1,0.1058,0.1222,145.13,0.52,0.48,7,214,14,4,0.0442,32.1,0.1,0.2,0.3,0.0
59,NORWALK,104869,0.2438,0.6379,0.1184,0.043,0.6990000000000001,0.1224,0.1291,0.0026,0.0038,0.1261,0.4175,0.345,0.1505,0.2651,0.2713,0.3096,0.1539,59756,0.7391,0.113,1,0.3187,0.1256,227.83,0.631,0.369,256,400,10,50,0.0603,39.1,0.1,0.4,0.3,0.1
60,PALMDALE,159690,0.2807,0.6328,0.0864,0.1545,0.5498,0.2498,0.0413,0.0031,0.0014,0.2018,0.4764,0.2624,0.1000,0.2583,0.2592,0.3341,0.1483,52392,0.2773,0.318,0,0.3054,0.1217,236.912,0.632,0.368,212,436,9,95,0.0964,24.4,0.1,0.4,0.3,0.1
61,PARAMOUNT,56225,0.2872,0.632,0.0807,0.1208,0.7865,0.0541,0.0295,0.0015,0.0076,0.2237,0.5509,0.3771,0.1615,0.4206,0.2585,0.2388,0.0822,45792,0.5658,0.109,1,0.2782,0.1288,219.08599999999998,0.39,0.61,50,557,12,76,0.073,18.1,0.1,0.5,0.2,0.1
62,PASADENA,140883,0.2012,0.6477,0.1511,0.1034,0.3442,0.3919,0.1581,0.0015,0.0008,0.1306,0.2262,0.3037,0.0886,0.1257,0.1385,0.2354,0.5004,72402,0.5965,0.10300000000000001,3,0.2233,0.0823,213.696,0.436,0.564,530,339,24,43,0.1247,66.4,0.2,0.3,0.3,0.1
63,PICO RIVERA,64052,0.2396,0.6227,0.1377,0.0064,0.9143,0.0516,0.0256,0.0018,0.0003,0.1241,0.3804,0.3312,0.1333,0.3184,0.3011,0.2689,0.1116,55752,0.5306,0.111,1,0.2969,0.1196,202.833,0.6659999999999999,0.33399999999999996,105,343,16,49,0.0694,34.9,0.1,0.5,0.3,0.1
64,POMONA,155212,0.2668,0.6395,0.0937,0.0692,0.7123,0.1248,0.0898,0.0022,0.0017,0.2012,0.5234,0.3415,0.1381,0.325,0.2478,0.2515,0.1757,49186,0.5042,0.149,2,0.3119,0.1073,237.925,0.524,0.47600000000000003,689,494,12,0,0.0699,18.8,0.1,0.4,0.2,0.1
65,RANCHO PALOS VERDES,42909,0.1685,0.5855,0.24600000000000002,0.0236,0.0869,0.5602,0.327,0.0012,0.001,0.0365,0.0765,0.2726,0.0768,0.024,0.1011,0.2254,0.6494,118780,0.3866,0.134,0,0.2028,0.0900,138.322,0.8029999999999999,0.19699999999999998,1,63,7,97,0.0831,94.4,0.1,0.3,0.3,0.1
66,REDONDO BEACH,69316,0.2056,0.6614,0.133,0.0272,0.1567,0.6806,0.1302,0.0025,0.0028,0.0462,0.0957,0.1877,0.0393,0.0415,0.111,0.2785,0.5689,105145,0.7645,0.11599999999999999,2,0.1971,0.0599,177.9619,0.499,0.501,216,231,26,84,0.1129,93.0,0.2,0.2,0.2,0.1
67,ROSEMEAD,55056,0.2036,0.6387,0.1577,0.0034,0.3416,0.0426,0.6112,0.001,0.0002,0.1604,0.4709,0.5627,0.3042,0.3381,0.2738,0.22,0.1681,44906,0.7333,0.09699999999999999,1,0.1508,0.1037,156.215,0.465,0.535,24,303,14,29,0.0519,17.4,0.1,0.2,0.2,0.0
68,ROWLAND HEIGHTS,51206,0.1796,0.6448,0.1756,0.0137,0.2754,0.0974,0.611,0.0008,0.0017,0.1048,0.3109,0.563,0.2732,0.1556,0.2074,0.2744,0.3626,59534,0.4661,0.163,0,0.1848,0.1049,162.91899999999998,0.67,0.33,66,168,12,85,0.0422,44.7,0.1,0.3,0.2,0.0
69,SAN DIMAS,34015,0.1753,0.6349,0.1898,0.0303,0.3262,0.5302,0.1098,0.0025,0.001,0.065,0.1275,0.1842,0.0483,0.0793,0.1903,0.373,0.3573,78034,0.5041,0.153,1,0.3382,0.0747,237.047,0.743,0.257,34,241,17,14,0.0946,69.9,0.1,0.4,0.3,0.1
70,SAN FERNANDO,24465,0.2703,0.6303,0.0993,0.0065,0.9286,0.0529,0.0085,0.0028,0.0007,0.2043,0.5118,0.3738,0.1772,0.4153,0.2641,0.2007,0.1198,55170,0.7416,0.098,0,0.2813,0.1114,189.297,0.537,0.46299999999999997,24,540,16,24,0.0808,40.5,0.1,0.5,0.2,0.1
71,SAN GABRIEL,40309,0.1883,0.6467,0.1649,0.0092,0.2587,0.1082,0.622,0.0014,0.0006,0.11900000000000001,0.3259,0.5478,0.2580,0.2191,0.2533,0.222,0.3057,51579,0.7339,0.09300000000000001,0,0.0842,0.1167,177.612,0.48,0.52,9,243,24,31,0.0562,44.0,0.1,0.2,0.2,0.0
72,SANTA CLARITA,195485,0.2287,0.6579,0.1134,0.0339,0.3167,0.5568,0.0889,0.0024,0.0013,0.0954,0.2254,0.2083,0.0522,0.1103,0.1951,0.3675,0.3271,83554,0.358,0.17600000000000002,2,0.2528,0.0880,194.445,0.675,0.325,316,169,15,22,0.1126,72.7,0.1,0.3,0.2,0.1
73,SANTA MONICA,93409,0.1429,0.6918,0.1653,0.0374,0.1333,0.7266,0.0996,0.0019,0.0013,0.1027,0.2725,0.2329,0.0600,0.0473,0.0949,0.205,0.6527,76580,0.8779,0.062,4,0.1300,0.0588,169.6739,0.27,0.73,712,509,35,72,0.1488,83.2,0.4,0.2,0.2,0.2
74,SOUTH GATE,99741,0.2797,0.6295,0.0908,0.0068,0.9499,0.0344,0.0069,0.0012,0.0007,0.1953,0.513,0.4315,0.2539,0.4763,0.2502,0.1977,0.0759,43552,0.7935,0.129,1,0.2791,0.1070,177.968,0.45299999999999996,0.547,122,662,11,56,0.06,16.0,0.1,0.5,0.2,0.1
75,SOUTH PASADENA,25937,0.1988,0.6509,0.1503,0.0279,0.1932,0.4332,0.3443,0.0011,0.0002,0.0646,0.1645,0.2663,0.0667,0.0455,0.1099,0.2542,0.5904,78957,0.6829999999999999,0.1,1,0.1306,0.0850,163.161,0.435,0.565,9,104,13,38,0.0857,87.4,0.2,0.2,0.3,0.1
76,SOUTH WHITTIER,58315,0.2486,0.6438,0.1076,0.0115,0.7766,0.1688,0.0392,0.0025,0.0014,0.1239,0.3821,0.268,0.0957,0.2502,0.2909,0.3095,0.1494,62592,0.6969,0.087,0,0.3403,0.1240,191.873,0.64,0.36,230,226,9,62,0.0729,38.4,0.1,0.4,0.2,0.1
77,TEMPLE CITY,36580,0.179,0.6407,0.1803,0.0072,0.1986,0.2104,0.5822,0.001,0.0006,0.0829,0.2215,0.4646,0.1721,0.1377,0.2098,0.2799,0.3726,64372,0.5429999999999999,0.122,1,0.0996,0.1271,182.899,0.6559999999999999,0.344,19,134,11,18,0.0518,54.5,0.1,0.2,0.2,0.0
78,TORRANCE,146686,0.1949,0.6394,0.1658,0.027000000000000003,0.1698,0.4157,0.3821,0.0021,0.0033,0.0622,0.1291,0.2878,0.0988,0.0655,0.1737,0.3019,0.4589,79549,0.6409,0.098,2,0.1695,0.0792,184.783,0.551,0.449,107,176,20,90,0.0625,76.9,0.1,0.3,0.3,0.1
79,VALINDA,24747,0.2535,0.636,0.1106,0.0181,0.7942,0.0646,0.1203,0.0014,0.0015,0.0976,0.2902,0.3713,0.1078,0.3384,0.3008,0.2404,0.1204,65849,0.7340000000000001,0.141,0,0.3750,0.1006,185.6737,0.7829999999999999,0.217,4,137,5,10,0.0666,47.5,0.1,0.4,0.2,0.1
80,WALNUT,30068,0.1546,0.6639,0.1815,0.026000000000000002,0.1921,0.1207,0.6593,0.0009,0.0009,0.0492,0.1496,0.4935,0.1589,0.07,0.1343,0.2717,0.5241,100184,0.3277,0.221,1,0.1930,0.0812,144.615,0.8540000000000001,0.146,3,83,5,23,0.0551,85.3,0.1,0.2,0.2,0.0
81,WEST COVINA,107688,0.2149,0.6373,0.1478,0.0408,0.5311,0.1464,0.278,0.0022,0.0014,0.0913,0.264,0.3437,0.1061,0.16899999999999998,0.2452,0.3207,0.2651,69189,0.4549,0.092,1,0.2751,0.1048,193.043,0.7290000000000001,0.271,48,246,11,15,0.0558,57.3,0.1,0.4,0.3,0.1
82,WEST HOLLYWOOD,35797,0.0639,0.7801,0.156,0.031,0.1081,0.7984,0.0603,0.0014,0.0008,0.1403,0.2798,0.2587,0.1023,0.0456,0.0884,0.2404,0.6257,56317,0.985,0.062,1,0.2207,0.0804,176.887,0.201,0.799,81,768,61,29,0.1503,70.6,0.4,0.2,0.2,0.2
83,WEST WHITTIER-LOS NIETOS,25441,0.2426,0.6253,0.1321,0.008,0.8775,0.0954,0.0147,0.0032,0.0013,0.0912,0.2858,0.2691,0.0987,0.2858,0.317,0.2711,0.1262,65363,0.4991,0.107,0,0.3584,0.1234,217.175,0.721,0.27899999999999997,36,307,9,26,0.0791,41.2,0.1,0.4,0.2,0.1
84,WESTMONT,32835,0.2823,0.6208,0.0968,0.4945,0.4912,0.0096,0.0025,0.0012,0.0009,0.3546,0.6729,0.2324,0.1142,0.3041,0.2962,0.3272,0.0725,26808,0.1988,0.184,0,0.3195,0.1852,308.483,0.306,0.6940000000000001,365,1514,7,69,0.0703,0.6,0.2,0.4,0.3,0.0
85,WHITTIER,88078,0.2304,0.6385,0.1311,0.0098,0.675,0.2752,0.0361,0.0028,0.0011,0.1081,0.3274,0.177,0.0542,0.1672,0.2376,0.3531,0.2421,66457,0.39299999999999996,0.125,1,0.2773,0.1291,199.017,0.569,0.431,258,293,16,63,0.0756,53.8,0.2,0.3,0.3,0.1
86,LOS ANGELES COUNTY,10227450,0.2253,0.6471,0.1276,0.0846,0.4876,0.2804,0.1431,0.0019,0.0024,0.1673,0.3766,0.3472,0.1374,0.2272,0.2068,0.2633,0.3027,56196,0.6185,0.125,-,0.2352,0.0983,204.8349,0.46,0.5403,46874,551,15,-,0.0861,-,0.1,0.4,0.2,0.1
